-- bookinfo - title, description
INSERT INTO bookinfo (id, title, description) VALUES ('466f5f0c-99ed-4c7a-9168-46bdac5376d5', 'Look Homeward, Angel', 'Voluptatem debitis minus ea reprehenderit.');
INSERT INTO bookinfo (id, title, description) VALUES ('74b67f9a-a8e5-4617-9788-54740523f4dc', 'Specimen Days', 'Tempora ea incidunt.');
INSERT INTO bookinfo (id, title, description) VALUES ('cd5f548b-4f33-4585-8b3b-5d461731e759', 'Recalled to Life', 'Quia et ut ea.');
INSERT INTO bookinfo (id, title, description) VALUES ('235fa03b-7174-42d7-b8d8-5f0a8f08c553', 'The Way of All Flesh', 'Quo in quisquam nihil exercitationem vel.');
INSERT INTO bookinfo (id, title, description) VALUES ('7e422d93-6995-4035-83ff-eb7f49c34aed', 'Behold the Man', 'Molestiae velit aut eaque quod perferendis.');
INSERT INTO bookinfo (id, title, description) VALUES ('0e6f0dc5-aa70-4f47-8732-56c9d5e6f46d', 'The World, the Flesh and the Devil', 'Doloribus nemo perspiciatis.');
INSERT INTO bookinfo (id, title, description) VALUES ('8ade89a2-1a11-459d-886e-05b4dd6cf6fe', 'The Little Foxes', 'Quia non placeat laborum qui qui.');
INSERT INTO bookinfo (id, title, description) VALUES ('913d6268-5983-4291-a1b3-d3a315601a84', 'The Wind''s Twelve Quarters', 'Eius dolore facere autem magnam ut.');
INSERT INTO bookinfo (id, title, description) VALUES ('1570429a-f8a6-4da9-a07c-2e9c52de9162', 'An Acceptable Time', 'Unde adipisci pariatur ipsa ut velit eos.');
INSERT INTO bookinfo (id, title, description) VALUES ('24fb05d1-cac7-4e7b-b2b9-1c10aed3c4b2', 'Edna O''Brien', 'Tempore asperiores illum recusandae repudiandae.');
INSERT INTO bookinfo (id, title, description) VALUES ('19b1f72b-32b5-4145-a3e6-7c81dc8681d5', 'Everything is Illuminated', 'Libero corrupti facilis odio.');
INSERT INTO bookinfo (id, title, description) VALUES ('1946c0b1-7768-4daa-8d67-53eb7625264d', 'The Golden Bowl', 'Omnis itaque tempora facere voluptas eum eos repellat.');
INSERT INTO bookinfo (id, title, description) VALUES ('9f3285e0-6ad5-4d67-8539-d1c2f695e191', 'That Good Night', 'Nihil dolore minus.');
INSERT INTO bookinfo (id, title, description) VALUES ('4e23b325-c4d5-4464-a03e-ea505724041f', 'In Death Ground', 'Est ut dignissimos deleniti.');
INSERT INTO bookinfo (id, title, description) VALUES ('ea86098d-79f9-4efc-a912-7b79155b8200', 'The Grapes of Wrath', 'Accusantium blanditiis quas.');
INSERT INTO bookinfo (id, title, description) VALUES ('948eb6f4-54dc-41ed-bbeb-5d85ac4a8e87', 'Tiger! Tiger!', 'Distinctio non dolores quidem unde.');
INSERT INTO bookinfo (id, title, description) VALUES ('0725d8d8-1ec3-4889-a0fd-0fc8e3e7f9d1', 'For Whom the Bell Tolls', 'Odit distinctio eligendi quod cupiditate modi.');
INSERT INTO bookinfo (id, title, description) VALUES ('4475afb0-ef04-4efd-8b84-d956f6bc1430', 'Number the Stars', 'Tempora ullam modi.');
INSERT INTO bookinfo (id, title, description) VALUES ('52106116-330a-4b47-af10-c3cffb99bc27', 'His Dark Materials', 'Tenetur ex non beatae enim corporis necessitatibus.');
INSERT INTO bookinfo (id, title, description) VALUES ('cc5eefb4-2421-40e3-9e1e-184017ef2aad', 'The Skull Beneath the Skin', 'Magni excepturi autem laboriosam et.');

-- book_info_author - book_info_id, author_id
INSERT INTO book_info_author (book_info_id, author_id) VALUES ('466f5f0c-99ed-4c7a-9168-46bdac5376d5', '641e2088-d8f4-4e90-86ea-2d8bb074fe3a');
INSERT INTO book_info_author (book_info_id, author_id) VALUES ('74b67f9a-a8e5-4617-9788-54740523f4dc', 'db43d6d1-4c6a-426d-96da-3b03f22829a5');
INSERT INTO book_info_author (book_info_id, author_id) VALUES ('cd5f548b-4f33-4585-8b3b-5d461731e759', 'f10aa7ed-cf57-4dd3-902b-1ebaea509c91');
INSERT INTO book_info_author (book_info_id, author_id) VALUES ('235fa03b-7174-42d7-b8d8-5f0a8f08c553', '72d9f8b5-96ca-4fc5-a019-063398159239');
INSERT INTO book_info_author (book_info_id, author_id) VALUES ('7e422d93-6995-4035-83ff-eb7f49c34aed', '72d9f8b5-96ca-4fc5-a019-063398159239');
INSERT INTO book_info_author (book_info_id, author_id) VALUES ('0e6f0dc5-aa70-4f47-8732-56c9d5e6f46d', 'f10aa7ed-cf57-4dd3-902b-1ebaea509c91');
INSERT INTO book_info_author (book_info_id, author_id) VALUES ('8ade89a2-1a11-459d-886e-05b4dd6cf6fe', '0cf7b9b9-aeee-4e04-b293-0e4461560a48');
INSERT INTO book_info_author (book_info_id, author_id) VALUES ('913d6268-5983-4291-a1b3-d3a315601a84', 'f10aa7ed-cf57-4dd3-902b-1ebaea509c91');
INSERT INTO book_info_author (book_info_id, author_id) VALUES ('1570429a-f8a6-4da9-a07c-2e9c52de9162', 'db43d6d1-4c6a-426d-96da-3b03f22829a5');
INSERT INTO book_info_author (book_info_id, author_id) VALUES ('24fb05d1-cac7-4e7b-b2b9-1c10aed3c4b2', '3c4ef7c8-2274-4e62-9ca0-e671d00ea9c0');
INSERT INTO book_info_author (book_info_id, author_id) VALUES ('19b1f72b-32b5-4145-a3e6-7c81dc8681d5', 'b31fbd40-4601-4bcf-9f3d-a7305b8e647b');
INSERT INTO book_info_author (book_info_id, author_id) VALUES ('1946c0b1-7768-4daa-8d67-53eb7625264d', 'b420d982-e132-4cda-818b-1282c13bb5db');
INSERT INTO book_info_author (book_info_id, author_id) VALUES ('9f3285e0-6ad5-4d67-8539-d1c2f695e191', 'f10aa7ed-cf57-4dd3-902b-1ebaea509c91');
INSERT INTO book_info_author (book_info_id, author_id) VALUES ('4e23b325-c4d5-4464-a03e-ea505724041f', 'db43d6d1-4c6a-426d-96da-3b03f22829a5');
INSERT INTO book_info_author (book_info_id, author_id) VALUES ('ea86098d-79f9-4efc-a912-7b79155b8200', '641e2088-d8f4-4e90-86ea-2d8bb074fe3a');
INSERT INTO book_info_author (book_info_id, author_id) VALUES ('948eb6f4-54dc-41ed-bbeb-5d85ac4a8e87', 'f10aa7ed-cf57-4dd3-902b-1ebaea509c91');
INSERT INTO book_info_author (book_info_id, author_id) VALUES ('0725d8d8-1ec3-4889-a0fd-0fc8e3e7f9d1', '0cf7b9b9-aeee-4e04-b293-0e4461560a48');
INSERT INTO book_info_author (book_info_id, author_id) VALUES ('4475afb0-ef04-4efd-8b84-d956f6bc1430', 'b31fbd40-4601-4bcf-9f3d-a7305b8e647b');
INSERT INTO book_info_author (book_info_id, author_id) VALUES ('52106116-330a-4b47-af10-c3cffb99bc27', 'f10aa7ed-cf57-4dd3-902b-1ebaea509c91');
INSERT INTO book_info_author (book_info_id, author_id) VALUES ('cc5eefb4-2421-40e3-9e1e-184017ef2aad', 'df87e08b-9a9e-4878-9e08-694ca9c3d76b');

-- bookinfocategory - book_info_id, category_id
INSERT INTO book_info_category (book_info_id, category_id) VALUES ('466f5f0c-99ed-4c7a-9168-46bdac5376d5', 'b052ca86-879d-4a8d-a19c-d4b43fb1e7c9');
INSERT INTO book_info_category (book_info_id, category_id) VALUES ('74b67f9a-a8e5-4617-9788-54740523f4dc', 'adc8293f-f624-466c-8c4f-63665ca7600b');
INSERT INTO book_info_category (book_info_id, category_id) VALUES ('cd5f548b-4f33-4585-8b3b-5d461731e759', 'b052ca86-879d-4a8d-a19c-d4b43fb1e7c9');
INSERT INTO book_info_category (book_info_id, category_id) VALUES ('235fa03b-7174-42d7-b8d8-5f0a8f08c553', 'b052ca86-879d-4a8d-a19c-d4b43fb1e7c9');
INSERT INTO book_info_category (book_info_id, category_id) VALUES ('7e422d93-6995-4035-83ff-eb7f49c34aed', '043f83d4-ff94-4815-95b3-a787ee656be0');
INSERT INTO book_info_category (book_info_id, category_id) VALUES ('0e6f0dc5-aa70-4f47-8732-56c9d5e6f46d', '8bd5971c-3329-4a78-aee3-a170ea3d185e');
INSERT INTO book_info_category (book_info_id, category_id) VALUES ('8ade89a2-1a11-459d-886e-05b4dd6cf6fe', 'adc8293f-f624-466c-8c4f-63665ca7600b');
INSERT INTO book_info_category (book_info_id, category_id) VALUES ('913d6268-5983-4291-a1b3-d3a315601a84', '7b9836ab-36d9-43f2-be4d-66d4c8db0c3c');
INSERT INTO book_info_category (book_info_id, category_id) VALUES ('1570429a-f8a6-4da9-a07c-2e9c52de9162', '0b8d2d04-4c0b-4c4e-b060-ac7d1f6cf441');
INSERT INTO book_info_category (book_info_id, category_id) VALUES ('24fb05d1-cac7-4e7b-b2b9-1c10aed3c4b2', '8bc7fdef-dcea-42ea-a286-e02bdcfd09a8');
INSERT INTO book_info_category (book_info_id, category_id) VALUES ('19b1f72b-32b5-4145-a3e6-7c81dc8681d5', '043f83d4-ff94-4815-95b3-a787ee656be0');
INSERT INTO book_info_category (book_info_id, category_id) VALUES ('1946c0b1-7768-4daa-8d67-53eb7625264d', 'b052ca86-879d-4a8d-a19c-d4b43fb1e7c9');
INSERT INTO book_info_category (book_info_id, category_id) VALUES ('9f3285e0-6ad5-4d67-8539-d1c2f695e191', '043f83d4-ff94-4815-95b3-a787ee656be0');
INSERT INTO book_info_category (book_info_id, category_id) VALUES ('4e23b325-c4d5-4464-a03e-ea505724041f', '5be74b6d-deb4-43e4-93d5-3ae0074dab36');
INSERT INTO book_info_category (book_info_id, category_id) VALUES ('ea86098d-79f9-4efc-a912-7b79155b8200', '043f83d4-ff94-4815-95b3-a787ee656be0');
INSERT INTO book_info_category (book_info_id, category_id) VALUES ('948eb6f4-54dc-41ed-bbeb-5d85ac4a8e87', '5be74b6d-deb4-43e4-93d5-3ae0074dab36');
INSERT INTO book_info_category (book_info_id, category_id) VALUES ('0725d8d8-1ec3-4889-a0fd-0fc8e3e7f9d1', '15b32a8b-71b2-41b7-9b3d-f1ac67fa6f4e');
INSERT INTO book_info_category (book_info_id, category_id) VALUES ('4475afb0-ef04-4efd-8b84-d956f6bc1430', '5be74b6d-deb4-43e4-93d5-3ae0074dab36');
INSERT INTO book_info_category (book_info_id, category_id) VALUES ('52106116-330a-4b47-af10-c3cffb99bc27', '15b32a8b-71b2-41b7-9b3d-f1ac67fa6f4e');
INSERT INTO book_info_category (book_info_id, category_id) VALUES ('cc5eefb4-2421-40e3-9e1e-184017ef2aad', '8bc7fdef-dcea-42ea-a286-e02bdcfd09a8');